{
    "numVariables" : 2,
    "numConstraints" : 2,
    "tableau" : [
        [0, 1, 0.666667, -0.333333, 1.333333],
        [1, 0, -0.333333, 0.666667, 3.333333],
        [0, 0, -0.333333, -1.333333, -12.666667]
    ],
    "prevTableaus" : [
        [
            [0, 1.5, 1, -0.5, 2],
            [1, 0.5, 0, 0.5, 4],
            [0, 0.5, 0, -1.5, -12]
        ]
    ],
    "prevPivots" : [
        [2, 1]
    ]
}