{
    "tableau": [
        [
            4,
            5.999999999999999,
            1,
            10,
            1,
            0,
            0,
            480
        ],
        [
            6.000000000000001,
            4.999999999999998,
            2.220446049250313E-16,
            15,
            2.220446049250313E-16,
            1,
            0,
            1000
        ],
        [
            5,
            6.999999999999999,
            0,
            10,
            1,
            0,
            1,
            480
        ],
        [
            -5,
            -6.999999999999999,
            0,
            -10,
            -2,
            0,
            0,
            -960
        ]
    ],
    "prevTableaus": [
        [
            [
                4,
                6,
                1,
                10,
                1,
                0,
                0,
                480
            ],
            [
                6,
                5,
                0,
                15,
                0,
                1,
                0,
                1000
            ],
            [
                1,
                1,
                -1,
                0,
                0,
                0,
                1,
                0
            ],
            [
                3,
                5,
                2,
                10,
                0,
                0,
                0,
                -0
            ]
        ],
        [
            [
                0.4,
                0.6,
                0.1,
                1,
                0.1,
                0,
                0,
                48
            ],
            [
                0,
                -4,
                -1.5,
                0,
                -1.5,
                1,
                0,
                280
            ],
            [
                1,
                1,
                -1,
                0,
                0,
                0,
                1,
                0
            ],
            [
                -1,
                -1,
                1,
                0,
                -1,
                0,
                0,
                -480
            ]
        ]
    ],
    "numVariables": 4,
    "numConstraints": 3,
    "prevPivots": [
        [
            1,
            4
        ],
        [
            1,
            3
        ]
    ]
}